{"pred-class-name": "white-pawn", "pred-class-index": 9, "output-layer-activations": [0.006229329388588667, 0.007209596689790487, 0.02994212694466114, 0.007197921629995108, 0.0013323611347004771, 0.028304453939199448, 0.00327158416621387, 0.058320820331573486, 0.2553193271160126, 0.5102073550224304, 0.0030394713394343853, 0.08962570875883102], "class-titles": ["black-bishop", "black-king", "black-knight", "black-pawn", "black-queen", "black-rook", "white-bishop", "white-king", "white-knight", "white-pawn", "white-queen", "white-rook"], "time-saved": 1585939544.1192493}